"scheme_id","scheme_name","provider_type","provider_name","benefit_type","benefit_amount","max_annual_income","eligible_categories","eligible_states","school_type","class_min","class_max","gender","disability_required","single_parent_benefit","documents_required","application_mode","application_url","deadline_month","description"
"SCH_001","Pre Matric Scholarship For Students With Disabilities","Central Govt","Dept of Empowerment of Persons with Disabilities","Cash","50000","250000","ALL","ALL","ALL","9","10","ALL","Yes","No","Aadhaar ID ,Disability certificate,Parental income certificate,Copy of previous year mark sheet.,Tuition fee receipt.","Online","https://scholarships.gov.in/centralsOrsponsoredOrstate","October","This central govt scheme gives upto 50,000 Rs per year based on their tution fee to  students in Classes 9–10 across India. Family income must be under ₹2,50,000. Apply online on NSP portal every October."
"SCH_002","Post Matric Scholarship For Students With Disabilities","Central Govt","Dept of Empowerment of Persons with Disabilities","Cash","200000","250000","ALL","ALL","ALL","12","Under and Post Graduate","ALL","Yes","No","Student photograph , income certificate,Aadhaar card,disability certificate ,previous year mark sheet ,Tuition fee receipt of current course year,copy of bank passbook","Online","https://scholarships.gov.in/centralsOrsponsoredOrstate","December",""
"SCH_003","Nirman Shramik Kalyan Yojana Scholarship, Odisha 2026-27","State Govt","Labour & ESI Department, Government of Odisha","Cash","40,000","","ALL","Odisha","ALL","6","12","ALL","No","No","Aadhaar card,Domicile certificate,Building and Other Construction (BOC) ID card of the parent,Copy of passbook of parent's bank account ,College ID card of the student,Marksheet/certificate of qualifying examination,","Online","https://www.buddy4study.com/scholarship/nirman-shramik-kalyan-yojana-scholarship-odisha","April","Nirman Shramik Kalyan Yojana Scholarship, Odisha 2026-27 is an opportunity offered by the Labour & ESI Department, Government of Odisha to General, ST, SC, OBC, SEBC, and EBC category students studying in Class 6 and above. The objective of this scheme is to provide financial support to the wards of construction workers for their studies. The selected students will receive educational assistance up to ₹40,000 per annum."
"SCH_004","Pre-Matric Scholarship for OBC Students, Delhi 2025-26","State Govt","Department for the Welfare of SC/ST/OBC/Minority, Government of NCT Delhi ","Cash","6000","250000","OBC","Delhi","ALL","1","10","ALL","No","No","Caste certificate,Mark sheet of the previous academic year,Income certificate ,Domicile certificate by the competent authority ,Bank account in the name of the student ","Online","https://www.buddy4study.com/scholarship/pre-matric-scholarship-for-obc-students-delhi","May","Pre-Matric Scholarship for OBC Students, Delhi 2025-26 is an initiative of the Department for the Welfare of SC/ST/OBC/Minority, Government of NCT Delhi to the OBC category students studying in Classes 1 to 10 in Government schools. The selected students will receive up to ₹500 per month."
"SCH_005","STEM Scholarship Interest Form 2026-27","Central Govt","STEM scholarships","priority","Null","400000","ALL","ALL","ALL","12","12","ALL","No","No","Class 10 marksheet,Class 12 marksheet","Online","https://www.buddy4study.com/page/stem-scholarship-interest-form","December","The STEM Scholarship Interest Form 2026-27, an initiative by Buddy4Study, is designed to identify and prioritize exceptional students with a strong passion and potential in the fields of Science, Technology, Engineering, and Mathematics (STEM)."
"SCH_006","Vigyan Jyoti Scheme","Central Govt","Government of India","Cash","24000","NULL","ALL","ALL","ALL","9","Post Graduate","Female","No","No","Aadhar Card,Previous Year Marksheet","Online","https://www.buddy4study.com/scholarship/vigyan-jyoti-scheme","December","The Vigyan Jyoti Scheme is an opportunity offered by the Government of India for female students in STEM. The scheme envisages hand-holding and interventions right from the school level, that is, from Class IX and continues till the PhD level to encourage girls to pursue a career in underrepresented areas of STEM. Selected candidates will receive ₹2,000 per month."
"SCH_007","Vidyadhan Plus 2 (1st year) Scholarship Program, Odisha 2025","Private"," Sarojini Damodaran Foundation","Cash","10000","200000","ALL","Odisha","ALL","11","12","ALL","No","No","A recent photograph, Class 10 marksheet,income certificate","Online","https://www.buddy4study.com/scholarship/vidyadhan-odisha-plus-2-scholarship-program","July","Vidyadhan Plus 2 (1st year) Scholarship Program, Odisha 2025 is an initiative by the Sarojini Damodaran Foundation* for Class 10 passed school students of Odisha. The selected students will receive a maximum of ₹10,000 per annum."
"SCH_008","Vidyadhan Intermediate (1st year) Scholarship Program, Telangana 2025","Private","Sarojini Damodaran Foundation","Cash","10000","200000","ALL","Telangana","ALL","11","12","ALL","No","No","Photograph of the applicant ,Class 10 marksheet,income certificate","Online","https://www.buddy4study.com/scholarship/vidyadhan-telangana-intermediate-scholarship","July","Vidyadhan Intermediate Scholarship Program, Telangana 2025 is an initiative by the Sarojini Damodaran Foundation* for Class 10 passed school students of Telangana. The selected students will receive a maximum of ₹10,000 per annum."
"SCH_009","National Fellowship And Scholarship For Higher Education Of ST Students - Scholarship (Formally Top Class Education For Schedule Tribe Students)","Central Govt","Ministry of Tribal Affairs","Cash","300000","600000","ST","ALL","ALL","12","Post Graduate","ALL","No","No","Caste certificate,Mark sheet of the previous academic year,Income certificate  ,Bank account in the name of the student ,Bonafide certificate,Photograph","Online","https://scholarships.gov.in/centralsOrsponsoredOrstate","December","National Scholarship Scheme is intended to encourage meritorious ST students to pursue courses at Graduate and Post Graduate level in premier institutes identified by the Ministry in professional fields such as Management, Medicine/Science, Engineering and Technology, Humanities, Law and Social Science etc."
"SCH_010","National Scholarship For Post Graduate Studies","Central Govt","UGC","Cash","150000","600000","ALL","ALL","ALL","Post Graduate","Post Graduate","ALL","No","No","bonafide certificate,Undergraduate (UG) degree marksheet ,Aadhar Card,Bank Details,Cast certificate,Income Certificate,Photograph,Fee Receipts","Online","https://scholarships.gov.in/centralsOrsponsoredOrstate","December","Ten thousand (10000) National Scholarships or as may be decided by the Commission, at the rate of Rs.15,000/- per month for 10 months in a year, are available for Indian students for two years to pursue higher studies, within India, leading to award of Postgraduate Degree under the scheme 'National Scholarship for Post Graduate Studies'"
"SCH_011","Arunachal Pradesh State Stipend Scheme","State Govt","MINISTRY OF TRIBAL AFFAIRS","Cash","25000","250000","ST","Arunachal Pradesh","ALL","Under Graduate","Phd","ALL","No","No","Requires self-attested testimonials, income certificates, and bank account details linked to Aadhaar.","Online","https://scholarships.gov.in/allschemesdomicile","October","The Arunachal Pradesh State Stipend Scheme provides financial aid to APST students in regular higher education, offering ₹1,400 monthly for 11 months plus a ₹1,000 annual book grant. Eligible students must maintain 75% attendance, with funds deposited via Direct Benefit Transfer (DBT) to Aadhaar-linked accounts. "
"SCH_012","Pre-Matric Scholarship For SC Students (Class Ix And X) - Assam","State Govt","MINISTRY OF TRIBAL AFFAIRS","Cash","7000","250000","SC","Assam","ALL","9","10","ALL","Yes","No","Caste certificate, income proof, and bonafide certificate,Disability certificate","Online","https://scholarships.gov.in/allschemesdomicile","October","The Pre-Matric Scholarship for SC Students in Classes IX and X in Assam provides financial assistance to students with a parental income  ₹2.5 lakh per annum."
"SCH_013","Post Matric Scholarship To OBC Students - Assam","State Govt","Ministry of Tribal Affairs","Cash","20000","250000","OBC","Assam","ALL","11","Post Graduate","ALL","No","No"," Aadhaar Card,Caste Certificate,Income Proof,Mark sheets,Bank Passbook Copy,Bonafide Certificate,Passport-size photograph, Domicile certificate (if required), and Disability Certificate (if applicable)","Online","https://scholarships.gov.in/allschemesdomicile","October","Post-Matric Scholarship for OBC Students, Assam 2025-26 is an opportunity to provide financial support to students in Class 11 and above. The scheme is being offered by the Ministry of Social Justice and Empowerment and implemented by the Directorate of Welfare of Plain Tribes & Backwards Classes (DWPTBC), Government of Assam. Under this scheme, selected candidates will receive scholarships up to ₹20,000 and other benefits."
"SCH_014","PM YASASVI Central Sector Scheme Of Top Class Education In Schools For OBC, EBC And DNT Students","Central Govt","Department of Social Justice and Empowerment(Backward classes)","Cash","125000","250000","OBC,EBC,DNT","ALL","ALL","9","12","ALL","No","No","Aadhaar Card,Cast Certificate,Income Certificate,Marksheet,Domicile certificate,fee reciept,Bank account details,photograph","Online","https://scholarships.gov.in/centralsOrsponsoredOrstate","January","PM-YASASVI Central Sector Scheme provides top-tier school education for meritorious OBC, EBC, and DNT students (classes 9-12) with annual family income "
"SCH_015","Prime Minister'S Scholarship Scheme For Ministry Of Railways","Central Govt","Ministry of Railways(Railway Board)","Cash","36000","NULL","ALL","ALL","ALL","12","Post Graduate","ALL","No","No","Service Certificate issued by respective offices of the serving personnel for category IV,A copy of PPO/Discharge certificate/book for Categories I, II and III,mark-sheet/Grade card of MEQ i.e.
10+2/ Diploma/Graduation ","Online","https://scholarships.gov.in/centralsOrsponsoredOrstate","December","The Prime Minister's Scholarship Scheme (PMSS) for the Ministry of Railways (RPF/RPSF) provides financial aid for higher technical and professional education to dependent wards and widows of ex/serving RPF/RPSF personnel (below gazetted rank). It awards ₹3,000/month for females and ₹2,500/month for males"
"SCH_016","Central Sector Scheme Of Scholarships For College And University Students","Central Govt","Department of Higher Education","Cash","20000","450000","ALL","ALL","ALL","12","Post Graduate","ALL","No","No"," Class 12 marksheet ,Income Certificate,Aadhaar Card,Bank Passbook,Cast Certificate,Disability Certificate,Bonafide Certificate","Online","https://scholarships.gov.in/centralsOrsponsoredOrstate","December","The Central Sector Scheme of Scholarship for College and University Students, under the Ministry of Education, provides financial support to meritorious, economically disadvantaged students (family income < ₹4.5-8 Lakh) for higher studies."
"SCH_017","Centrally Sponsored Scheme Of Pre Matric Scholarship For SC Students (Class Ix & X) -Meghalaya","State Govt","Ministry of Tribal Affairs","Cash","8000","250000","SC","Meghalaya","ALL","9","10","ALL","Yes","No","Income Certificate,Aadhar Card,Bank Passbook,Cast Certificate,Disability Certificate,Bonafide Certificate","Online","https://scholarships.gov.in/allschemesdomicile","November","Pre-Matric Scholarship Scheme for SC students and others provides the academic allowance to eligible students studying in classes 9th and 10th."
"SCH_018","Post-Matric Scholarship (PMS) for SC/ST/BC/Disabled Category, Telangana 2024-25","State Govt"," Telangana Government","Cash","690000","600000","SC/ST/BC/","Telangana","ALL","10","Phd","ALL","Yes","No","Income Certificate,Aadhar Card,Bank Passbook,Cast Certificate,Disability Certificate,Bonafide Certificate,Photograph,Marksheets","Online","https://www.buddy4study.com/scholarship/post-matric-scholarship-pms-for-sc-st-bc-disabled-category-telangana","October","Post-Matric Scholarship (PMS) for SC/ST/BC/Disabled Category, Telangana 2024-25 is an initiative by the Telangana Government to support students from SC/ST/BC/Disabled categories pursuing higher education.The reimbursement amount varies depending on the course, ranging from ₹850 per annum for intermediate courses to ₹6,90,000 per annum for medical courses."
"SCH_019","Parivartan ECSS Programme for School Students (Merit-cum-Need Based) 2025-26","Private","HDFC ","Cash","15000","250000","ALL","ALL","ALL","1","6","ALL","No","Yes","Income Certificate,Aadhar Card,Bank Passbook,Cast Certificate,Disability Certificate,Bonafide Certificate,Photograph,Marksheets,Proof of family/personal crisis (if applicable)","Online","https://www.buddy4study.com/page/hdfc-bank-parivartans-ecss-programme","December","Parivartan Educational Crisis Scholarship Support (ECSS) Programme 2025-26 is an initiative funded by HDFC Bank aimed at supporting meritorious and financially needy students from underprivileged backgrounds."
"SCH_020","Parivartan ECSS Programme for Postgraduate Students (Merit-cum-Need Based) 2025-26","Private","HDFC ","Cash","75000","250000","ALL","ALL","ALL","Post Graduate","Post Graduate","ALL","No","Yes","Income Certificate,Aadhar Card,Bank Passbook,Cast Certificate,Disability Certificate,Bonafide Certificate,Photograph,Marksheets,Proof of family/personal crisis (if applicable)","Online","https://www.buddy4study.com/page/hdfc-bank-parivartans-ecss-programme","December","Under the ECSS programme, students facing personal or family crises, or other financial difficulties that put them at risk of dropping out, are provided with financial assistance of up to INR 75,000 to support their education"
"SCH_021","National Means cum Merit Scholarship (NMMS)","Central Govt","Dept of School Education & Literacy, MoE","Cash","12000","150000","ALL","ALL","ALL","9","12","ALL","No","No","Aadhaar card,Class 8 marksheet,Income certificate,Bonafide certificate,Bank passbook copy","Online","https://scholarships.gov.in","November","NMMS provides ₹12,000/year to meritorious students from economically weaker sections to reduce dropout rate in Classes 9–12. Selected through a state-level written examination."
"SCH_022","Post Matric Scholarship for SC Students","Central Govt","Ministry of Social Justice & Empowerment","Cash","20000","250000","SC","ALL","ALL","11","Post Graduate","ALL","No","No","Caste certificate,Income certificate,Aadhaar card,Marksheet,Bank passbook,Bonafide certificate,Photograph","Online","https://scholarships.gov.in","October","Provides financial assistance to SC students studying at post-matric level (Class 11 to PG). Covers maintenance allowance, study tour charges, and thesis typing/printing charges."
"SCH_023","Pre Matric Scholarship for SC Students (Class 1–8)","Central Govt","Ministry of Social Justice & Empowerment","Cash","3500","250000","SC","ALL","ALL","1","8","ALL","No","No","Caste certificate,Income certificate,Aadhaar card,School enrollment proof,Bank passbook","Online","https://scholarships.gov.in","October","Financial assistance to SC students studying in Classes 1–8 to encourage early education and reduce dropout. Scholarship amount varies by class level."
"SCH_024","Post Matric Scholarship for OBC Students","Central Govt","Ministry of Social Justice & Empowerment","Cash","10000","100000","OBC","ALL","ALL","11","Post Graduate","ALL","No","No","OBC certificate,Income certificate,Aadhaar card,Previous marksheet,Bank passbook,Bonafide certificate","Online","https://scholarships.gov.in","October","Provides financial assistance to OBC students at post-matric level. Covers maintenance allowance and other educational expenses to support continuation of studies."
"SCH_025","Merit cum Means Scholarship for Minority Students","Central Govt","Ministry of Minority Affairs","Cash","30000","250000","Minority","ALL","ALL","Under Graduate","Post Graduate","ALL","No","No","Minority community certificate,Income certificate,Aadhaar card,Admission proof,Previous marksheet,Bank passbook","Online","https://scholarships.gov.in","October","Supports meritorious minority students pursuing technical/professional undergraduate or postgraduate courses. Covers course fee and maintenance allowance."
"SCH_026","Pre Matric Scholarship for Minority Students","Central Govt","Ministry of Minority Affairs","Cash","10000","100000","Minority","ALL","ALL","1","10","ALL","No","No","Minority certificate,Income certificate,Aadhaar card,School certificate,Bank passbook,Photograph","Online","https://scholarships.gov.in","September","Encourages minority students from Class 1–10 to continue schooling by providing financial support. Covers admission and tuition fees along with a maintenance allowance."
"SCH_027","Post Matric Scholarship for Minority Students","Central Govt","Ministry of Minority Affairs","Cash","16000","200000","Minority","ALL","ALL","11","Post Graduate","ALL","No","No","Minority certificate,Income certificate,Aadhaar card,Admission letter,Previous marksheet,Bank passbook,Photograph","Online","https://scholarships.gov.in","October","Financial assistance to minority students at Class 11 level and above. Covers course fees and maintenance allowance to prevent dropouts and promote higher education."
"SCH_028","Begum Hazrat Mahal National Scholarship for Girls","Central Govt","Maulana Azad Education Foundation","Cash","11000","200000","Minority","ALL","ALL","9","12","Female","No","No","Minority certificate,Income certificate,Aadhaar card,Marksheet,School bonafide,Bank passbook,Photograph","Online","https://maef.nic.in","September","Scholarship for meritorious girls from minority communities studying in Classes 9–12. Aims to prevent dropout among girls from economically weaker minority families."
"SCH_029","Maulana Azad National Fellowship for Minority Students","Central Govt","UGC / Ministry of Minority Affairs","Cash","300000","600000","Minority","ALL","ALL","Phd","Phd","ALL","No","No","Minority certificate,UGC NET/JRF score card,University enrollment proof,Aadhaar card,Bank passbook,Photograph","Online","https://ugc.ac.in","March","Integrated five-year fellowship for minority students pursuing M.Phil and PhD. Provides JRF and SRF level funding to support research and higher studies."
"SCH_030","INSPIRE Scholarship for Higher Education (SHE)","Central Govt","Dept of Science & Technology (DST)","Cash","80000","NULL","ALL","ALL","ALL","Under Graduate","Post Graduate","ALL","No","No","Class 12 marksheet,Admission proof to science course,Aadhaar card,Bank passbook,Photograph","Online","https://online-inspire.gov.in","October","Inspires youth to study Basic and Natural Sciences. Provides ₹80,000/year to top-ranked students in Class 12 Board exams who pursue BSc/MS in natural sciences."
"SCH_031","Ishan Uday Special Scholarship for North East Students","Central Govt","UGC","Cash","54000","450000","ALL","Arunachal Pradesh,Assam,Manipur,Meghalaya,Mizoram,Nagaland,Sikkim,Tripura","ALL","Under Graduate","Post Graduate","ALL","No","No","Domicile certificate,Income certificate,Aadhaar card,Admission proof,Marksheet,Bank passbook","Online","https://scholarships.gov.in","December","Special scholarship for students from North East states pursuing general/technical/professional courses. Provides ₹54,000–₹78,000/year depending on the course type."
"SCH_032","Pragati Scholarship for Girl Students (AICTE)","Central Govt","All India Council for Technical Education (AICTE)","Cash","50000","800000","ALL","ALL","ALL","Under Graduate","Under Graduate","Female","No","No","Income certificate,Aadhaar card,Admission proof to AICTE-approved institute,Marksheet,Bank passbook,Photograph","Online","https://www.aicte-india.org/bureaus/pgrants","February","AICTE scheme to support girl students in technical education. Provides ₹50,000/year along with a laptop to eligible female students in AICTE-approved institutes."
"SCH_033","Saksham Scholarship for Specially Abled Students (AICTE)","Central Govt","All India Council for Technical Education (AICTE)","Cash","50000","800000","ALL","ALL","ALL","Under Graduate","Under Graduate","ALL","Yes","No","Disability certificate (40%+ disability),Income certificate,Aadhaar card,Admission proof,Marksheet,Bank passbook","Online","https://www.aicte-india.org/bureaus/pgrants","February","AICTE scholarship for differently abled students pursuing technical education in AICTE-approved institutions. Provides ₹50,000/year plus a laptop to support studies."
"SCH_034","Prime Minister Research Fellowship (PMRF)","Central Govt","Ministry of Education","Cash","840000","NULL","ALL","ALL","ALL","Phd","Phd","ALL","No","No","UG/PG degree,GATE/NET score card,Research proposal,Aadhaar card,Bank passbook,Recommendation letters","Online","https://www.pmrf.in","February","Attracts the brightest students to pursue PhD at IITs and IISc. Fellowship of ₹70,000–₹80,000/month for 5 years along with a research grant of ₹2 lakh/year."
"SCH_035","PM Scholarship Scheme for Central Armed Police Forces","Central Govt","Ministry of Home Affairs","Cash","36000","NULL","ALL","ALL","ALL","Under Graduate","Post Graduate","ALL","No","No","Service/PPO certificate of parent,Class 12 marksheet,Admission proof,Aadhaar card,Bank passbook","Online","https://scholarships.gov.in","December","Financial assistance to dependent wards and widows of CAPF/RPF/Assam Rifles personnel. Provides ₹2,500–₹3,000/month for professional degree courses."
"SCH_036","Dr. Ambedkar Post Matric Scholarship for EBC Students","Central Govt","Ministry of Social Justice & Empowerment","Cash","20000","100000","EBC","ALL","ALL","11","Post Graduate","ALL","No","No","Income certificate,Aadhaar card,Marksheet,Bonafide certificate,Bank passbook,Photograph","Online","https://scholarships.gov.in","October","Assists EBC students who do not have access to any other central government scholarship. Provides maintenance allowance and tuition fee reimbursement for Class 11 to PG."
"SCH_037","Scholarship for Top Class Education for SC Students","Central Govt","Ministry of Social Justice & Empowerment","Cash","135000","600000","SC","ALL","ALL","Under Graduate","Post Graduate","ALL","No","No","SC certificate,Income certificate,Admission proof to notified institute,Aadhaar card,Bank passbook,Marksheet","Online","https://scholarships.gov.in","December","Fully funds SC students admitted to premier institutions like IITs, NITs, IIMs, AIIMS etc. Covers tuition fees, living expenses, and books up to ₹1,35,000/year."
"SCH_038","Post Matric Scholarship for ST Students","Central Govt","Ministry of Tribal Affairs","Cash","20000","250000","ST","ALL","ALL","11","Post Graduate","ALL","No","No","ST certificate,Income certificate,Aadhaar card,Marksheet,Bonafide certificate,Bank passbook,Photograph","Online","https://scholarships.gov.in","October","Central scholarship for ST students at post-matric level. Covers maintenance allowance and course fees to enable tribal students to pursue higher education without financial burden."
"SCH_039","Indira Gandhi Scholarship for Single Girl Child (PG)","Central Govt","UGC","Cash","36200","NULL","ALL","ALL","ALL","Post Graduate","Post Graduate","Female","No","No","Affidavit confirming single girl child status,Admission proof,Aadhaar card,Bank passbook,Marksheet,Photograph","Online","https://ugc.ac.in","April","UGC scholarship for single girl child who enrolls in postgraduate studies. Provides ₹36,200/year for up to five years. Aims to promote women's education."
"SCH_040","Pre Matric Scholarship for ST Students (Class 9–10)","Central Govt","Ministry of Tribal Affairs","Cash","10000","250000","ST","ALL","ALL","9","10","ALL","No","No","ST certificate,Income certificate,Aadhaar card,Previous marksheet,School bonafide,Bank passbook","Online","https://scholarships.gov.in","October","Supports ST students in Classes 9–10 to prevent dropout at the secondary level. Provides day scholar and hostel rates as maintenance allowance."
"SCH_041","Rajiv Gandhi National Fellowship for SC/ST Students","Central Govt","UGC","Cash","420000","NULL","SC,ST","ALL","ALL","Phd","Phd","ALL","No","No","SC/ST certificate,University enrollment letter,UGC NET score (if applicable),Aadhaar card,Bank passbook,Research proposal","Online","https://ugc.ac.in","March","Provides fellowships to SC/ST students pursuing MPhil and PhD. JRF rate ₹31,000/month and SRF rate ₹35,000/month, with a contingency grant for research expenses."
"SCH_042","National Fellowship for OBC Students","Central Govt","Ministry of Social Justice & Empowerment","Cash","336000","NULL","OBC","ALL","ALL","Phd","Phd","ALL","No","No","OBC certificate (non-creamy layer),University enrollment,Aadhaar card,Bank passbook,Research proposal,Photograph","Online","https://scholarships.gov.in","March","Fellowship for OBC students pursuing MPhil/PhD. Provides ₹25,000/month (JRF) and ₹28,000/month (SRF) with contingency grant. 300 fellowships awarded per year."
"SCH_043","CSIR Junior Research Fellowship (JRF)","Central Govt","Council of Scientific & Industrial Research (CSIR)","Cash","444000","NULL","ALL","ALL","ALL","Phd","Phd","ALL","No","No","CSIR-UGC NET score card,MSc degree,Aadhaar card,Bank passbook,Enrollment in PhD programme","Online","https://csirnet.nta.nic.in","September","Supports research scholars in science disciplines. JRF provides ₹37,000/month for 2 years, upgradeable to SRF at ₹42,000/month. Contingency grant of ₹20,000/year also provided."
"SCH_044","National Fellowship for Persons with Disabilities","Central Govt","Dept of Empowerment of Persons with Disabilities","Cash","420000","NULL","ALL","ALL","ALL","Post Graduate","Phd","ALL","Yes","No","Disability certificate (40%+),University enrollment proof,Aadhaar card,Bank passbook,Marksheet,Photograph","Online","https://scholarships.gov.in","March","Fellowship for PwD students pursuing MPhil or PhD. Provides ₹31,000–₹35,000/month with contingency and reader allowance to support research by differently abled scholars."
"SCH_045","AICTE Doctoral Fellowship in Technical Education","Central Govt","All India Council for Technical Education (AICTE)","Cash","444000","NULL","ALL","ALL","ALL","Phd","Phd","ALL","No","No","GATE score card,BTech/MTech degree,PhD enrollment proof,Aadhaar card,Bank passbook","Online","https://www.aicte-india.org","February","Supports doctoral research in technical education. Provides ₹37,000/month fellowship for faculty pursuing PhD in AICTE-approved institutions, aiming to improve research quality."
"SCH_046","PM Scholarship for Ex-Servicemen (Defence Ministry)","Central Govt","Ministry of Defence / KSB","Cash","36000","NULL","ALL","ALL","ALL","Under Graduate","Post Graduate","ALL","No","No","Service/PPO/Discharge certificate of parent,Class 12 marksheet,Admission proof,Aadhaar card,Bank passbook,Photograph","Online","https://ksb.gov.in","November","Scholarship for wards and widows of ex-servicemen from Army, Navy, and Air Force. Provides ₹2,500–₹3,000/month for professional degree courses up to PG level."
"SCH_047","Swachh Bharat Scholarship for Sanitation Workers' Children","Central Govt","Ministry of Jal Shakti / NMCG","Cash","10000","200000","ALL","ALL","ALL","1","Post Graduate","ALL","No","No","Parent's employment certificate as sanitation worker,Income certificate,Aadhaar card,School/College enrollment proof,Marksheet,Bank passbook","Online","https://scholarships.gov.in","December","Supports children of sanitation and sewerage workers in pursuing education. Provides ₹10,000/year to prevent dropout and improve socio-economic status of this community."
"SCH_048","PM CARES for Children Scholarship","Central Govt","PM CARES Fund / Ministry of Education","Cash","20000","NULL","ALL","ALL","ALL","1","Under Graduate","ALL","No","No","Death certificate of parent (COVID-19),Aadhaar card,School/College enrollment proof,Bank passbook in child's name,Photograph","Online","https://pmcaresforchildren.in","December","Support for children who lost parents/guardians to COVID-19. Provides ₹20,000/year for education up to 23 years of age, plus health insurance and UG education support."
"SCH_049","Central Sector Scholarship for NE Students (NESTS)","Central Govt","National Education Society for Tribal Students (NESTS)","Cash","40000","500000","ST","Arunachal Pradesh,Assam,Manipur,Meghalaya,Mizoram,Nagaland,Sikkim,Tripura","ALL","Under Graduate","Post Graduate","ALL","No","No","ST certificate,Domicile certificate,Income certificate,Aadhaar card,Admission proof,Marksheet,Bank passbook","Online","https://scholarships.gov.in","November","Supports tribal students from North East states in pursuing higher education. Covers tuition fee and maintenance allowance for undergraduate and postgraduate courses."
"SCH_050","KVPY Fellowship (Kishore Vaigyanik Protsahan Yojana)","Central Govt","Indian Institute of Science / DST","Cash","84000","NULL","ALL","ALL","ALL","11","Under Graduate","ALL","No","No","Class 10/12 marksheet,Aadhaar card,Bank passbook,Photograph","Online","https://kvpy.iisc.ac.in","August","Prestigious national fellowship to encourage students with aptitude for research in basic sciences. Provides ₹5,000–₹7,000/month plus contingency grant for Class 11 to BSc/BS students."
"SCH_051","Swami Vivekananda Merit-cum-Means Scholarship, West Bengal","State Govt","Dept of Higher Education, Govt of West Bengal","Cash","60000","250000","ALL","West Bengal","ALL","11","Post Graduate","ALL","No","No","Aadhaar card,Income certificate,Marksheet,Bonafide certificate,Bank passbook,Domicile certificate,Photograph","Online","https://svmcm.wbhed.gov.in","October","West Bengal's flagship merit scholarship for students from Class 11 to PG level. Provides ₹1,000–₹5,000/month based on level. Income must be below ₹2.5 lakh per annum."
"SCH_052","Jai Bangla Scholarship (WB SC/ST/OBC)","State Govt","BC Welfare Dept, Govt of West Bengal","Cash","8000","250000","SC,ST,OBC","West Bengal","ALL","5","12","ALL","No","No","Caste certificate,Income certificate,Aadhaar card,School enrollment proof,Marksheet,Bank passbook","Online","https://jaibangla.wb.gov.in","October","Consolidated scholarship portal for SC/ST/OBC students in West Bengal from Class 5 to 12. Provides ₹500–₹1,000/month depending on class and category."
"SCH_053","Chief Minister's Merit Scholarship, Tamil Nadu","State Govt","Adi Dravidar Welfare Dept, Govt of Tamil Nadu","Cash","25000","250000","ALL","Tamil Nadu","ALL","11","Post Graduate","ALL","No","No","Income certificate,Aadhaar card,Marksheet,Community certificate,Bonafide certificate,Bank passbook,Photograph","Online","https://tnscholarships.gov.in","November","Tamil Nadu Government scheme for meritorious students pursuing higher education. Provides up to ₹25,000/year to help economically weaker students complete studies without financial hardship."
"SCH_054","Tamil Nadu SC/ST Post Matric Scholarship","State Govt","Adi Dravidar & Tribal Welfare Dept, Tamil Nadu","Cash","10000","250000","SC,ST","Tamil Nadu","ALL","11","Post Graduate","ALL","No","No","Community certificate,Income certificate,Aadhaar card,Marksheet,Bonafide certificate,Bank passbook","Online","https://tnscholarships.gov.in","November","Post-matric scholarship for SC/ST students in Tamil Nadu. Covers tuition, examination, and maintenance fees for students pursuing education beyond Class 10."
"SCH_055","Kerala Suvarna Jubilee Merit Scholarship","State Govt","Directorate of Collegiate Education, Kerala","Cash","24000","NULL","ALL","Kerala","ALL","Under Graduate","Under Graduate","ALL","No","No","Class 12 marksheet,Admission proof,Aadhaar card,Bank passbook,Bonafide certificate,Photograph","Online","https://dcescholarships.kerala.gov.in","October","Kerala government scholarship for meritorious first-year UG students who scored high in Class 12 board exams. Provides ₹2,000/month (₹24,000/year) throughout the UG course."
"SCH_056","Kerala Post Matric Scholarship for SC Students","State Govt","SC Development Dept, Govt of Kerala","Cash","12000","250000","SC","Kerala","ALL","11","Post Graduate","ALL","No","No","Community certificate,Income certificate,Aadhaar card,Marksheet,Bonafide certificate,Bank passbook","Online","https://scholarships.kerala.gov.in","October","Provides financial assistance to SC students in Kerala at post-matric level. Covers tuition fees and maintenance allowance to ensure SC students can pursue higher education."
"SCH_057","Mukhyamantri Uchch Shiksha Scholarship Yojana, Rajasthan","State Govt","Rajasthan Scholarship Portal, Govt of Rajasthan","Cash","15000","250000","ALL","Rajasthan","ALL","Under Graduate","Under Graduate","Female","No","No","Income certificate,Aadhaar card,Class 12 marksheet,Admission proof,Bank passbook,Domicile certificate,Photograph","Online","https://hte.rajasthan.gov.in","November","Rajasthan scheme to encourage girls from economically weaker backgrounds to pursue higher education. Provides ₹15,000/year to female students in government colleges."
"SCH_058","Anuprati Coaching Scholarship, Rajasthan","State Govt","Social Justice & Empowerment Dept, Rajasthan","Cash","40000","800000","SC,ST,OBC,EBC","Rajasthan","ALL","11","Under Graduate","ALL","No","No","Category certificate,Income certificate,Aadhaar card,Marksheet,Domicile certificate,Bank passbook","Online","https://sje.rajasthan.gov.in","June","Rajasthan government scheme to provide coaching to meritorious SC/ST/OBC/EBC students for competitive exams like UPSC, RAS, REET, NEET, JEE. Provides up to ₹40,000 annually."
"SCH_059","Mukhyamantri Kanya Utthan Yojana, Bihar","State Govt","Dept of Education, Govt of Bihar","Cash","50000","NULL","ALL","Bihar","ALL","Under Graduate","Under Graduate","Female","No","No","Aadhaar card,Bank passbook in student's name,Graduation degree,Domicile certificate of Bihar,Photograph","Online","https://medhasoft.bih.nic.in","December","Bihar state scheme to empower girl students. Provides ₹50,000 as one-time grant on graduation to every unmarried girl from Bihar, regardless of income, to promote women's education."
"SCH_060","Bihar Post Matric Scholarship for OBC/EBC","State Govt","BC/EBC Welfare Dept, Govt of Bihar","Cash","10000","150000","OBC,EBC","Bihar","ALL","11","Post Graduate","ALL","No","No","OBC/EBC certificate,Income certificate,Aadhaar card,Previous marksheet,Bonafide certificate,Bank passbook,Photograph","Online","https://scholarships.gov.in","October","Post-matric scholarship for OBC and EBC students in Bihar. Covers tuition fees and maintenance allowance for studies beyond Class 10 up to postgraduate level."
"SCH_061","Gaon Ki Beti Yojana, Madhya Pradesh","State Govt","Dept of Higher Education, Govt of Madhya Pradesh","Cash","5000","NULL","ALL","Madhya Pradesh","ALL","Under Graduate","Under Graduate","Female","No","No","Aadhaar card,Class 12 marksheet (first division),Domicile certificate,Bank passbook,Bonafide certificate,Photograph","Online","https://scholarshipportal.mp.nic.in","October","MP government scheme for girls from rural areas who pass Class 12 with first division. Provides ₹500/month (₹5,000/year) for 10 months to support college education."
"SCH_062","Pratibha Kiran Scholarship, Madhya Pradesh","State Govt","Dept of Higher Education, Govt of Madhya Pradesh","Cash","5000","150000","ALL","Madhya Pradesh","ALL","Under Graduate","Under Graduate","Female","No","No","Income certificate,Aadhaar card,Class 12 marksheet (first division),Urban domicile certificate,Bank passbook,Photograph","Online","https://scholarshipportal.mp.nic.in","October","MP scholarship for meritorious girls from urban areas. Provides ₹500/month (₹5,000/year) to first-division Class 12 pass urban girls with family income below ₹1.5 lakh."
"SCH_063","Mukhyamantri Medhavi Vidyarthi Yojana, Madhya Pradesh","State Govt","Dept of Higher Education, Govt of Madhya Pradesh","Fee Reimbursement","150000","600000","ALL","Madhya Pradesh","ALL","Under Graduate","Under Graduate","ALL","No","No","Income certificate,Aadhaar card,Class 12 marksheet (75%+ CBSE or 85%+ MP Board),Admission proof,Bank passbook,Domicile certificate","Online","https://scholarshipportal.mp.nic.in","September","MP scheme for meritorious students whose family income is below ₹6 lakh. Covers full tuition fees for UG at government and private colleges including engineering and medical courses."
"SCH_064","E-Kalyan Post Matric Scholarship, Jharkhand","State Govt","Welfare Dept, Govt of Jharkhand","Cash","27000","250000","SC,ST,OBC","Jharkhand","ALL","11","Post Graduate","ALL","No","No","Caste certificate,Income certificate,Aadhaar card,Domicile certificate,Marksheet,Bonafide certificate,Bank passbook,Photograph","Online","https://ekalyan.cgg.gov.in","October","Jharkhand state post-matric scholarship for SC/ST/OBC students. Provides maintenance allowance, tuition fees, and special allowances up to ₹27,000/year for various courses."
"SCH_065","Mukhyamantri Medhabruti Scholarship, Assam","State Govt","Directorate of Secondary Education, Assam","Cash","15000","NULL","ALL","Assam","ALL","Under Graduate","Under Graduate","ALL","No","No","Class 10/12 marksheet,Aadhaar card,Domicile certificate,Admission proof,Bank passbook,Photograph","Online","https://scholarships.assam.gov.in","September","Assam government merit scholarship for students who pass Class 10 and 12 board exams with distinction. Provides ₹15,000/year to support college education in Assam."
"SCH_066","Saksham Scholarship, Haryana","State Govt","Dept of Higher Education, Govt of Haryana","Cash","18000","NULL","ALL","Haryana","ALL","8","12","ALL","No","No","Aadhaar card,Marksheet,School bonafide,Domicile certificate,Bank passbook,Photograph","Online","https://harchhatravratti.highereduhry.ac.in","October","Haryana government scholarship for meritorious students from Class 8 to 12. Provides ₹1,500/month (₹18,000/year) to top-performing students in government schools."
"SCH_067","Dr. Ambedkar Scholarship for SC Students, Punjab","State Govt","Welfare of SCs & BCs Dept, Govt of Punjab","Cash","20000","250000","SC","Punjab","ALL","9","Post Graduate","ALL","No","No","SC certificate,Income certificate,Aadhaar card,Marksheet,Bonafide certificate,Bank passbook,Domicile certificate","Online","https://scholarships.punjab.gov.in","October","Punjab state scholarship for SC students from Class 9 to PG. Covers tuition fees and maintenance to help SC students continue education and reduce financial burden on families."
"SCH_068","Chhattisgarh State Post Matric Scholarship","State Govt","Tribal Welfare Dept, Govt of Chhattisgarh","Cash","5000","250000","SC,ST,OBC","Chhattisgarh","ALL","11","Post Graduate","ALL","No","No","Caste certificate,Income certificate,Aadhaar card,Marksheet,Bonafide certificate,Bank passbook,Domicile certificate","Online","https://scholarships.cg.gov.in","October","Chhattisgarh government post-matric scholarship for SC/ST/OBC students. Provides tuition fee reimbursement and maintenance allowance for Class 11 to PG students."
"SCH_069","Goa Merit Scholarship","State Govt","Directorate of Higher Education, Govt of Goa","Cash","30000","NULL","ALL","Goa","ALL","Under Graduate","Post Graduate","ALL","No","No","Class 12 marksheet,Aadhaar card,Domicile certificate of Goa,Admission proof,Bank passbook,Bonafide certificate","Online","https://www.dhegoa.gov.in","November","Goa government merit scholarship for outstanding students in higher education. Provides up to ₹30,000/year for UG and PG students who score above 60% in qualifying examinations."
"SCH_070","Himachal Pradesh Merit Scholarship","State Govt","Directorate of Higher Education, Govt of HP","Cash","15000","NULL","ALL","Himachal Pradesh","ALL","11","Post Graduate","ALL","No","No","Class 10/12 marksheet,Aadhaar card,Domicile certificate,Bonafide certificate,Bank passbook,Photograph","Online","https://scholarships.hp.gov.in","November","HP government scholarship for meritorious students from Class 11 to PG. Provides ₹15,000/year to toppers in government schools and colleges based on academic performance."
"SCH_071","Uttarakhand Mukhyamantri Medhavi Chhatra Scholarship","State Govt","Dept of Higher Education, Govt of Uttarakhand","Cash","10000","NULL","ALL","Uttarakhand","ALL","Under Graduate","Post Graduate","ALL","No","No","Class 12 marksheet,Aadhaar card,Domicile certificate,Admission proof,Bank passbook,Bonafide certificate,Photograph","Online","https://scholarship.uk.gov.in","October","Uttarakhand government scholarship for meritorious students in higher education. Provides ₹10,000/year for UG and PG students who excel in academics."
"SCH_072","Sikkim Chief Minister Scholarship Scheme","State Govt","Dept of Education, Govt of Sikkim","Cash","20000","NULL","ALL","Sikkim","ALL","Under Graduate","Post Graduate","ALL","No","No","Aadhaar card,Domicile/nativity certificate,Class 12 marksheet,Admission proof,Bank passbook,Photograph","Online","https://www.sikkimhrdd.org","October","Sikkim state scholarship for students pursuing higher education. Provides ₹20,000/year to academically deserving students from Sikkim in UG and PG courses."
"SCH_073","Nagaland State Merit Scholarship","State Govt","Directorate of School Education, Nagaland","Cash","10000","NULL","ST","Nagaland","ALL","9","Post Graduate","ALL","No","No","Tribal certificate,Aadhaar card,Marksheet,School/College bonafide,Bank passbook,Photograph","Online","https://www.nagalandeducation.gov.in","September","Nagaland government scholarship for tribal students based on academic merit. Provides financial support to ST students from Class 9 to PG level within Nagaland."
"SCH_074","Gujarat Post Matric Scholarship for SC Students","State Govt","Social Justice & Empowerment Dept, Gujarat","Cash","20000","250000","SC","Gujarat","ALL","11","Post Graduate","ALL","No","No","SC certificate,Income certificate,Aadhaar card,Marksheet,Bonafide certificate,Bank passbook,Domicile certificate,Photograph","Online","https://esamajkalyan.gujarat.gov.in","October","Gujarat government post-matric scholarship for SC students. Covers tuition fees and maintenance allowance for students pursuing education beyond Class 10 in Gujarat."
"SCH_075","UP Post Matric Scholarship Scheme","State Govt","Samaj Kalyan Dept, Govt of Uttar Pradesh","Cash","23000","250000","SC,ST,OBC,Minority","Uttar Pradesh","ALL","11","Post Graduate","ALL","No","No","Category certificate,Income certificate,Aadhaar card,Marksheet,Bonafide certificate,Bank passbook,Domicile certificate,Photograph","Online","https://scholarship.up.gov.in","October","UP state post-matric scholarship for SC/ST/OBC/Minority students. Covers maintenance allowance, tuition fees, and other charges for studies beyond Class 10 up to PhD level."
"SCH_076","Tripura State Merit Scholarship","State Govt","Education Dept, Govt of Tripura","Cash","12000","250000","SC,ST","Tripura","ALL","9","Post Graduate","ALL","No","No","Caste certificate,Income certificate,Aadhaar card,Marksheet,Bonafide certificate,Domicile certificate,Bank passbook","Online","https://scholarships.tripura.gov.in","October","Tripura state scholarship for SC/ST students to support secondary and higher education. Provides tuition fee reimbursement and maintenance allowance from Class 9 to PG."
"SCH_077","Manipur Post Matric Scholarship Scheme","State Govt","Education Dept, Govt of Manipur","Cash","20000","250000","ALL","Manipur","ALL","11","Post Graduate","ALL","No","No","Aadhaar card,Income certificate,Domicile certificate,Marksheet,Bonafide certificate,Bank passbook,Photograph","Online","https://scholarships.gov.in","October","Manipur government post-matric scholarship for students pursuing higher education. Provides financial support from Class 11 to PG level for all eligible students in Manipur."
"SCH_078","Karnataka Post Matric Scholarship for SC/ST","State Govt","Social Welfare Dept, Govt of Karnataka","Cash","20000","250000","SC,ST","Karnataka","ALL","11","Post Graduate","ALL","No","No","Caste certificate,Income certificate,Aadhaar card,Marksheet,Bonafide certificate,Bank passbook,Domicile certificate","Online","https://karepass.cgg.gov.in","October","Karnataka state post-matric scholarship for SC/ST students. Covers tuition fees, examination fees, and maintenance allowance for students studying from Class 11 to PG."
"SCH_079","Maharashtra SC/ST Post Matric Scholarship","State Govt","Social Justice Dept, Govt of Maharashtra","Cash","25000","250000","SC,ST","Maharashtra","ALL","11","Post Graduate","ALL","No","No","Caste certificate,Income certificate,Aadhaar card,Marksheet,Bonafide certificate,Bank passbook,Domicile certificate,Photograph","Online","https://mahascholarship.gov.in","November","Maharashtra state post-matric scholarship for SC/ST students. Provides maintenance allowance and fee reimbursement to help SC/ST students continue higher education in Maharashtra."
"SCH_080","Rajarshi Chhatrapati Shahu Maharaj Merit Scholarship, Maharashtra","State Govt","Higher & Technical Education Dept, Maharashtra","Cash","30000","NULL","ALL","Maharashtra","ALL","Under Graduate","Under Graduate","ALL","No","No","Class 12 marksheet (60%+),Aadhaar card,Domicile certificate,Admission proof to Govt college,Bank passbook,Photograph","Online","https://mahascholarship.gov.in","November","Maharashtra merit scholarship for students who score above 60% in HSC and take admission in government colleges. Provides ₹30,000/year to support undergraduate studies."
"SCH_081","Tata Capital Pankh Scholarship Programme","Private","Tata Capital Ltd","Cash","12000","400000","ALL","ALL","ALL","11","Under Graduate","ALL","No","No","Income certificate,Aadhaar card,Marksheet,Admission proof,Bank passbook,Photograph","Online","https://www.buddy4study.com/scholarship/tata-capital-pankh-scholarship-programme","August","Tata Capital's CSR scholarship for meritorious students from economically weaker sections. Provides ₹12,000/year to Class 11 and UG students for academic and professional pursuits."
"SCH_082","Reliance Foundation Undergraduate Scholarship","Private","Reliance Foundation","Cash","200000","NULL","ALL","ALL","ALL","Under Graduate","Under Graduate","ALL","No","No","Class 12 marksheet,Admission proof to top institute,Aadhaar card,Photograph,Bank passbook,Recommendation letter","Online","https://www.reliancefoundation.org","October","Highly competitive scholarship for students in premier UG programs including STEM, Humanities, and Business. Provides up to ₹2 lakh/year plus mentorship, networking, and leadership development."
"SCH_083","Aditya Birla Scholarship","Private","Aditya Birla Group","Cash","65000","NULL","ALL","ALL","ALL","Under Graduate","Under Graduate","ALL","No","No","JEE/CAT/CLAT rank card,Admission proof (IIT/NLU/IIM),Aadhaar card,Bank passbook,Photograph,Recommendation letter","Online","https://www.adityabirlascholars.net","August","Prestigious scholarship for students admitted to IITs, IIMs, BITS Pilani, and top law schools via merit. Provides ₹65,000/year and connects scholars with Aditya Birla group professionals."
"SCH_084","L&T Build India Scholarship","Private","Larsen & Toubro Ltd","Cash","60000","600000","ALL","ALL","ALL","Under Graduate","Under Graduate","ALL","No","No","Income certificate,Aadhaar card,Class 12 marksheet,Admission proof to engineering college,Bank passbook,Photograph","Online","https://www.buddy4study.com/scholarship/lt-build-india-scholarship","August","L&T CSR scholarship for engineering students. Provides ₹60,000/year to meritorious students pursuing civil/mechanical/electrical engineering in government-approved colleges."
"SCH_085","Kotak Kanya Scholarship","Private","Kotak Mahindra Bank Ltd","Cash","150000","350000","ALL","ALL","ALL","Under Graduate","Under Graduate","Female","No","No","Income certificate,Aadhaar card,Class 12 marksheet (85%+),Admission proof,Bank passbook,Photograph","Online","https://www.buddy4study.com/scholarship/kotak-kanya-scholarship","August","Kotak Mahindra Bank scholarship for meritorious girl students. Provides ₹1.5 lakh/year to female students pursuing full-time professional UG degree courses with excellent academic records."
"SCH_086","Mahindra All India Talent Scholarship","Private","Mahindra & Mahindra Group","Cash","25000","NULL","ALL","ALL","ALL","Under Graduate","Under Graduate","ALL","No","No","Aadhaar card,Class 12/10 marksheet,Admission proof to polytechnic/engineering,Bank passbook,Photograph","Online","https://www.buddy4study.com/scholarship/mahindra-all-india-talent-scholarship","September","Mahindra Group scholarship for merit students pursuing diploma or degree in technical education. Provides ₹25,000/year to support technical education for talented youth."
"SCH_087","SBI Asha Scholarship Programme","Private","SBI Foundation","Cash","15000","300000","ALL","ALL","ALL","6","12","ALL","No","No","Income certificate,Aadhaar card,Marksheet (75%+),School bonafide,Bank passbook,Photograph","Online","https://www.buddy4study.com/scholarship/sbi-asha-scholarship-programme","August","SBI Foundation scholarship for school students from Class 6 to 12. Provides ₹15,000/year to meritorious students from low-income families to prevent school dropout."
"SCH_088","ICICI Foundation Scholarship for Higher Education","Private","ICICI Foundation for Inclusive Growth","Cash","20000","360000","ALL","ALL","ALL","11","Under Graduate","ALL","No","No","Income certificate,Aadhaar card,Class 10/12 marksheet,Admission proof,Bank passbook,Photograph","Online","https://www.buddy4study.com/scholarship/icici-foundation-scholarship","September","ICICI Foundation scholarship for meritorious students from low-income backgrounds. Provides ₹20,000/year to Class 11 and UG students who demonstrate academic excellence and financial need."
"SCH_089","Axis Bank Sparsh Education Fund","Private","Axis Bank Foundation","Cash","15000","600000","ALL","ALL","ALL","Under Graduate","Under Graduate","ALL","No","No","Income certificate,Aadhaar card,Class 12 marksheet,Admission proof,Bank passbook,Photograph,Parent occupation proof","Online","https://www.axisfoundation.in","October","Axis Bank Foundation scholarship for first-generation learners and children of daily wage workers. Provides ₹15,000/year to UG students with demonstrated financial need."
"SCH_090","Sitaram Jindal Foundation Scholarship","Private","Sitaram Jindal Foundation","Cash","24000","300000","ALL","ALL","ALL","11","Post Graduate","ALL","No","No","Income certificate,Aadhaar card,Marksheet (60%+),Admission proof,Bank passbook,Photograph","Online","https://sitaramjindalfoundation.org","July","Long-running scholarship by Sitaram Jindal Foundation for economically weak meritorious students. Provides ₹1,000–₹2,000/month based on course level from Class 11 to PG."
"SCH_091","Dr. Reddy's Foundation HOPE Scholarship","Private","Dr. Reddy's Foundation","Cash","30000","300000","ALL","ALL","ALL","Under Graduate","Under Graduate","ALL","No","No","Income certificate,Aadhaar card,Marksheet,Admission proof,Bank passbook,Photograph,Essay on career goals","Online","https://www.drreddysfoundation.org","September","Dr. Reddy's Foundation scholarship for first-generation college students from low-income families. Provides ₹30,000/year along with mentoring, career guidance, and industry exposure."
"SCH_092","ONGC Scholarship for SC/ST Students","Private","Oil and Natural Gas Corporation (ONGC)","Cash","48000","NULL","SC,ST","ALL","ALL","Under Graduate","Under Graduate","ALL","No","No","SC/ST certificate,Aadhaar card,Class 12 marksheet,Admission proof to professional course,Bank passbook,Photograph","Online","https://ongcscholar.ongc.co.in","August","ONGC CSR scholarship for SC/ST students pursuing professional UG degrees. Provides ₹48,000/year (₹4,000/month) for engineering, medicine, MBA, and other professional courses."
"SCH_093","HAL Scholarship for SC/ST Engineering Students","Private","Hindustan Aeronautics Ltd (HAL)","Cash","25000","NULL","SC,ST","ALL","ALL","Under Graduate","Under Graduate","ALL","No","No","SC/ST certificate,Aadhaar card,JEE rank/Class 12 marksheet,Admission proof to engineering,Bank passbook,Photograph","Online","https://hal-india.co.in","September","HAL scholarship for SC/ST students pursuing engineering. Provides ₹25,000/year to support aeronautical, mechanical, and electrical engineering students from reserved categories."
"SCH_094","NMDC Scholarship for SC/ST/OBC Students","Private","National Mineral Development Corporation (NMDC)","Cash","25000","NULL","SC,ST,OBC","ALL","ALL","9","Post Graduate","ALL","No","No","Caste certificate,Aadhaar card,Marksheet,School/College bonafide,Bank passbook,Photograph","Online","https://www.nmdc.co.in","September","NMDC CSR initiative providing scholarships to SC/ST/OBC students from Class 9 to PG. Priority given to students from NMDC operational districts. Provides up to ₹25,000/year."
"SCH_095","BHEL Scholarship for SC/ST Students","Private","Bharat Heavy Electricals Ltd (BHEL)","Cash","15000","NULL","SC,ST","ALL","ALL","9","Post Graduate","ALL","No","No","SC/ST certificate,Aadhaar card,Marksheet,School/College bonafide,Bank passbook,Photograph","Online","https://www.bhel.com","September","BHEL CSR scholarship for SC/ST students from Class 9 to PG. Provides ₹15,000/year with priority given to students from areas where BHEL has operations."
"SCH_096","SAIL Scholarship for SC/ST Engineering Students","Private","Steel Authority of India Ltd (SAIL)","Cash","30000","NULL","SC,ST","ALL","ALL","Under Graduate","Under Graduate","ALL","No","No","SC/ST certificate,Aadhaar card,JEE score/Class 12 marksheet,Admission proof to engineering,Bank passbook,Photograph","Online","https://www.sail.co.in","October","SAIL CSR scholarship for SC/ST engineering students. Provides ₹30,000/year to support technical education. Students from SAIL townships and families of SAIL employees given preference."
"SCH_097","Ambuja Cement Foundation Scholarship","Private","Ambuja Cement Foundation","Cash","15000","200000","ALL","ALL","ALL","9","Under Graduate","ALL","No","No","Income certificate,Aadhaar card,Marksheet,School/College bonafide,Bank passbook,Photograph","Online","https://www.ambujacementfoundation.org","August","Ambuja CSR scholarship for students near Ambuja operational areas. Provides ₹15,000/year to meritorious students from economically weaker families pursuing Class 9 to UG education."
"SCH_098","JSW Foundation Udaan Scholarship","Private","JSW Foundation","Cash","30000","360000","ALL","ALL","ALL","11","Under Graduate","ALL","No","No","Income certificate,Aadhaar card,Class 10/12 marksheet,Admission proof,Bank passbook,Photograph","Online","https://www.buddy4study.com/scholarship/jsw-foundation-udaan-scholarship","September","JSW Foundation scholarship for meritorious students from low-income families. Provides ₹30,000/year for Class 11 and UG students. Priority given to students from JSW operational areas."
"SCH_099","Mphasis F1 Foundation Scholarship","Private","Mphasis F1 Foundation","Cash","25000","NULL","ALL","ALL","ALL","11","Under Graduate","ALL","No","No","Income certificate,Aadhaar card,Marksheet,Admission proof,Bank passbook,Photograph,Essay on career aspiration","Online","https://www.buddy4study.com/scholarship/mphasis-f1-foundation-scholarship","August","Mphasis F1 Foundation scholarship for meritorious students from Class 11 to UG. Provides ₹25,000/year with a focus on first-generation learners and students pursuing technology education."
"SCH_100","Accenture Future Talent Scholarship","Private","Accenture India","Cash","35000","800000","ALL","ALL","ALL","Under Graduate","Under Graduate","ALL","No","No","Income certificate,Aadhaar card,Class 12 marksheet,Admission proof to engineering/CS college,Bank passbook,Photograph","Online","https://www.buddy4study.com/scholarship/accenture-future-talent-scholarship","September","Accenture CSR scholarship for engineering and computer science students. Provides ₹35,000/year with career mentoring and internship opportunities in Accenture for top scholars."
"SCH_101","Udaan Scholarship for J&K Students (CBSE)","Central Govt","CBSE / Ministry of Human Resource Development","Cash and Coaching","50000","NULL","ALL","Jammu and Kashmir","ALL","11","12","ALL","No","No","Class 10 marksheet,Aadhaar card,Domicile of J&K,School enrollment certificate,Photograph","Online","https://udaan.cbse.gov.in","September","Special scheme for Class 11–12 students from J&K. Provides free coaching for IIT-JEE and other engineering entrance exams along with a weekly online interaction with IIT faculty."
"SCH_102","Tata Trusts Scholarship Programme","Private","Tata Trusts","Cash","50000","400000","ALL","ALL","ALL","11","Post Graduate","ALL","No","No","Income certificate,Aadhaar card,Marksheet (60%+),Admission proof,Bank passbook,Photograph,Personal statement","Online","https://www.tatatrusts.org","September","Tata Trusts scholarship for meritorious students from economically weaker sections. Provides up to ₹50,000/year for Class 11 to PG students with strong academic record and financial need."
"SCH_103","Microsoft Scholarship for Women in Engineering","Private","Microsoft India","Cash","100000","NULL","ALL","ALL","ALL","Under Graduate","Under Graduate","Female","No","No","Class 12 marksheet,Admission proof to CS/Engineering,Aadhaar card,Bank passbook,Photograph,Essay on technology vision","Online","https://www.buddy4study.com/scholarship/microsoft-scholarship","October","Microsoft India scholarship to encourage women in technology. Provides ₹1 lakh/year to female students pursuing engineering or computer science with an interest in product development and innovation."
"SCH_104","HDFC Badhte Kadam Scholarship","Private","HDFC Bank Parivartan","Cash","18000","250000","ALL","ALL","ALL","6","12","ALL","No","No","Income certificate,Aadhaar card,Marksheet,School bonafide,Bank passbook,Photograph","Online","https://www.buddy4study.com/page/hdfc-bank-parivartans-ecss-programme","December","HDFC Bank Parivartan scholarship for school students from Class 6–12. Provides ₹18,000/year to meritorious students from economically weaker sections to prevent dropout."
"SCH_105","Bajaj Foundation Scholarship","Private","Bajaj Group Foundation","Cash","25000","600000","ALL","ALL","ALL","11","Under Graduate","ALL","No","No","Income certificate,Aadhaar card,Marksheet,Admission proof,Bank passbook,Photograph","Online","https://www.buddy4study.com/scholarship/bajaj-foundation-scholarship","September","Bajaj Group Foundation scholarship for meritorious students from economically weaker backgrounds. Provides ₹25,000/year to support Class 11 and UG students in continuing education."
"SCH_106","Ishan Vikas Scholarship for NE Engineering Students (AICTE)","Central Govt","All India Council for Technical Education (AICTE)","Cash","30000","NULL","ALL","Arunachal Pradesh,Assam,Manipur,Meghalaya,Mizoram,Nagaland,Sikkim,Tripura","ALL","Under Graduate","Post Graduate","ALL","No","No","Domicile certificate of NE state,Aadhaar card,Class 12 marksheet,Admission proof to AICTE-approved institute,Bank passbook","Online","https://www.aicte-india.org","February","AICTE scheme to encourage NE students in technical and management education. Provides ₹30,000/year and summer internship opportunities at NITs and IITs for NE students."
"SCH_107","Maruti Suzuki Scholarship for Engineering Students","Private","Maruti Suzuki India Ltd","Cash","50000","NULL","ALL","ALL","ALL","Under Graduate","Under Graduate","ALL","No","No","JEE rank card or Class 12 marksheet (85%+),Aadhaar card,Admission proof to engineering,Bank passbook,Photograph","Online","https://www.marutisuzuki.com/corporate/csr","August","Maruti Suzuki CSR scholarship for meritorious engineering students. Provides ₹50,000/year with preference for automotive, mechanical, and electrical engineering branches."
"SCH_108","Wipro Earthian Scholarship for Sustainability","Private","Wipro Ltd","Cash","10000","NULL","ALL","ALL","ALL","8","12","ALL","No","No","Aadhaar card,School enrollment certificate,Project report on sustainability topic,Marksheet,Photograph","Online","https://www.wipro.com/sustainability/earthian","September","Wipro Earthian programme rewards school students (Class 8–12) who develop innovative projects on sustainability, biodiversity, or water conservation. Provides ₹10,000 prize + national recognition."
"SCH_109","Google Generation India Scholarship","Private","Google India","Cash","150000","NULL","ALL","ALL","ALL","Under Graduate","Post Graduate","ALL","No","No","Aadhaar card,Admission proof to CS/Engineering,Class 12 marksheet,Bank passbook,Essay on impact in tech,Recommendation letter","Online","https://buildyourfuture.withgoogle.com/scholarships","October","Google India scholarship for exemplary CS students with financial need. Provides ₹1.5 lakh/year plus mentorship, Google event invitations, and networking with Google engineers."
"SCH_110","CII Foundation Youth India Fellowship","Private","CII Foundation","Cash","100000","NULL","ALL","ALL","ALL","Under Graduate","Under Graduate","ALL","No","No","Aadhaar card,Marksheet,Admission proof,Bank passbook,Photograph,Personal statement,Recommendation letters","Online","https://www.ciifoundation.org","August","CII Foundation fellowship for exceptional undergraduate students demonstrating leadership potential. Provides ₹1 lakh/year with structured leadership programme, industry exposure, and mentorship by CII leaders."
